disease,train_accuracy,test_accuracy,precision,recall,f1_score,auc_roc,positive_test_samples,total_test_samples
target_orthopedic,0.5112106441839019,0.5079565813046686,0.09683873549419768,0.7574334898278561,0.17172254745431967,0.66756372510013,639,9489
target_dermatological,0.44966407587933077,0.43734850879966275,0.08398716119828815,0.6998514115898959,0.14997611845247572,0.5813708629184273,673,9489
target_cardiac,0.5435120537478593,0.5435767731057013,0.10084033613445378,0.7476038338658147,0.17771027150180368,0.6706249803991826,626,9489
target_ear,0.45103411935186405,0.4508378122036042,0.0508791619902731,0.6650366748166259,0.09452649869678541,0.5836409314649461,409,9489
target_urinary,0.6259781319984192,0.6269364527347455,0.05946535733769776,0.7032258064516129,0.1096579476861167,0.7063721889727254,310,9489
