disease,train_accuracy,test_accuracy,precision,recall,f1_score,auc_roc,positive_test_samples,total_test_samples
orthopedic,0.5601896983269662,0.5634945726630836,0.10666966090276218,0.7433489827856025,0.1865671641791045,0.69651220568862,639,9489
dermatological,0.536213937557634,0.5341974918326483,0.09925133689839573,0.6894502228826151,0.17352281226626776,0.6423374494030845,673,9489
cardiac,0.6025820050059281,0.6033301717778481,0.11105602379771938,0.7156549520766773,0.192274678111588,0.7124281618776989,626,9489
ear,0.5555526281122382,0.5494783433449257,0.0602820746132848,0.6479217603911981,0.11030176899063475,0.6487341533556649,409,9489
urinary,0.6372809906468186,0.6364211191906418,0.05997757847533632,0.6903225806451613,0.11036616812790098,0.7252958189977824,310,9489
